{
    "train_loss": [
        0.533343493938446,
        0.35625624656677246,
        0.30281031131744385,
        0.28180602192878723,
        0.2592185139656067
    ],
    "val_loss": [
        0.3947071135044098,
        0.3724117577075958,
        0.3770245611667633,
        0.38616955280303955,
        0.3988391160964966
    ],
    "val_f1": [
        0.8528110980987549,
        0.8591282367706299,
        0.862918496131897,
        0.8566014170646667,
        0.8572331070899963
    ]
}