{
    "train_loss": [
        0.5962002873420715,
        0.45905813574790955,
        0.40140461921691895,
        0.37754592299461365,
        0.3568081259727478,
        0.3324887454509735,
        0.3218906819820404,
        0.3150019943714142,
        0.2999175190925598
    ],
    "val_loss": [
        0.49299368262290955,
        0.43270590901374817,
        0.4162169396877289,
        0.3990766406059265,
        0.387121319770813,
        0.38125064969062805,
        0.3850645422935486,
        0.4014325737953186,
        0.40939152240753174
    ],
    "val_f1": [
        0.8212255239486694,
        0.8395451903343201,
        0.8502842783927917,
        0.8427037000656128,
        0.8610233664512634,
        0.8635502457618713,
        0.8641819357872009,
        0.861655056476593,
        0.8591282367706299
    ]
}