{
    "train_loss": [
        0.8550842635791395,
        0.7455939524833051,
        0.6917682901940532,
        0.7690027963848753,
        0.8399435338361303,
        0.5782915553671188,
        0.4270289204806589,
        0.3557903282760575,
        0.3121524235056765,
        0.26612688060953965,
        0.23026852629163078,
        0.1911358258026189,
        0.15889810061071838,
        0.13424456684509364,
        0.12537911078923866,
        0.10404532996276862,
        0.08312871781705915,
        0.06799848613917162,
        0.07206817281558621,
        0.06388333469093387,
        0.05973826073352039,
        0.051264319050206425
    ],
    "val_loss": [
        0.8382563471794129,
        0.6763688337802887,
        0.6594579136371612,
        0.8404912096261978,
        0.8428287065029144,
        0.4749432241916656,
        0.42094182878732683,
        0.3900566130876541,
        0.4002596893906593,
        0.3771337735652924,
        0.4045423054695129,
        0.40134237870573997,
        0.446237213909626,
        0.43646048225462436,
        0.4782640653848648,
        0.48143770948052406,
        0.5165610739588737,
        0.6037817508727312,
        0.5485300993919373,
        0.5679177705198526,
        0.5990370416641235,
        0.6163618983328343
    ],
    "val_f1": [
        0.7271004319190979,
        0.7719519734382629,
        0.7220467329025269,
        0.7271004319190979,
        0.7271004319190979,
        0.8243840932846069,
        0.8471257090568542,
        0.8591282367706299,
        0.8622868061065674,
        0.869235634803772,
        0.8673405051231384,
        0.8711307644844055,
        0.8566014170646667,
        0.867972195148468,
        0.869235634803772,
        0.862918496131897,
        0.8648136258125305,
        0.8540745377540588,
        0.8553379774093628,
        0.8572331070899963,
        0.8534428477287292,
        0.861655056476593
    ]
}