{
    "train_loss": [
        1.4187113386292698,
        1.4188141110223098,
        1.4183259752875599,
        1.4187183500002216,
        1.4187471020821087,
        1.4191000468238106,
        1.4186192537819207,
        1.4189267538113302,
        1.4181934571798953,
        1.4185889459855063,
        1.4185623140308443
    ],
    "val_loss": [
        1.4186656856536866,
        1.4186656856536866,
        1.4186656856536866,
        1.4186656856536866,
        1.4186656856536866,
        1.4186656856536866,
        1.4186656856536866,
        1.4186656856536866,
        1.4186656856536866,
        1.4186656856536866,
        1.4186656856536866
    ],
    "val_f1": [
        0.044219836592674255,
        0.044219836592674255,
        0.044219836592674255,
        0.044219836592674255,
        0.044219836592674255,
        0.044219836592674255,
        0.044219836592674255,
        0.044219836592674255,
        0.044219836592674255,
        0.044219836592674255,
        0.044219836592674255
    ]
}